participant,age_group,frame,timestamp,true_location,humna_class,human_score_blinks_removed
EX01,adult,0,0,0,Centre,0
EX01,adult,1.004651163,0.033153488,0,Centre,0
EX01,adult,2.009302326,0.066306977,0,Centre,0
EX01,adult,3.013953488,0.099460465,0,Centre,0
EX01,adult,4.018604651,0.132613953,0,Centre,0
EX01,adult,5.023255814,0.165767442,0,Centre,0
EX01,adult,6.027906977,0.19892093,0,Centre,0
EX01,adult,7.03255814,0.232074419,0,Centre,0
EX01,adult,8.037209302,0.265227907,0,Centre,0
EX01,adult,9.041860465,0.298381395,0,Centre,0
EX01,adult,10.04651163,0.331534884,0,Centre,0
EX01,adult,11.05116279,0.364688372,0,Centre,0
EX01,adult,12.05581395,0.39784186,0,Centre,0
EX01,adult,13.06046512,0.430995349,0,Centre,0
EX01,adult,14.06511628,0.464148837,0,Centre,0
EX01,adult,15.06976744,0.497302326,0,Centre,0
EX01,adult,16.0744186,0.530455814,0,Centre,0
EX01,adult,17.07906977,0.563609302,0,Centre,0
EX01,adult,18.08372093,0.596762791,0,Centre,0
EX01,adult,19.08837209,0.629916279,0,Centre,0
EX01,adult,20.09302326,0.663069767,0,Centre,0
EX01,adult,21.09767442,0.696223256,0,Centre,0
EX01,adult,22.10232558,0.729376744,0,Centre,0
EX01,adult,23.10697674,0.762530233,0,Centre,0
EX01,adult,24.11162791,0.795683721,0,Centre,0
EX01,adult,25.11627907,0.828837209,0,Centre,0
EX01,adult,26.12093023,0.861990698,0,Centre,0
EX01,adult,27.1255814,0.895144186,0,Centre,0
EX01,adult,28.13023256,0.928297674,0,Centre,0
EX01,adult,29.13488372,0.961451163,0,Centre,0
EX01,adult,30.13953488,0.994604651,0,Centre,0
EX01,adult,31.14418605,1.02775814,0,Centre,0
EX01,adult,32.14883721,1.060911628,0,Centre,0
EX01,adult,33.15348837,1.094065116,0,Centre,0
EX01,adult,34.15813953,1.127218605,0,Centre,0
EX01,adult,35.1627907,1.160372093,0,Centre,0
EX01,adult,36.16744186,1.193525581,0,Centre,0
EX01,adult,37.17209302,1.22667907,0,Centre,0
EX01,adult,38.17674419,1.259832558,0,Centre,0
EX01,adult,39.18139535,1.292986047,0,Centre,0
EX01,adult,40.18604651,1.326139535,0,Centre,0
EX01,adult,41.19069767,1.359293023,0,Centre,0
EX01,adult,42.19534884,1.392446512,0,Centre,0
EX01,adult,43.2,1.4256,0,Centre,0
EX01,adult,44.20465116,1.458753488,0,Centre,0
EX01,adult,45.20930233,1.491906977,0,Centre,0
EX01,adult,46.21395349,1.525060465,0,Centre,0
EX01,adult,47.21860465,1.558213953,0,Centre,0
EX01,adult,48.22325581,1.591367442,0,Centre,0
EX01,adult,49.22790698,1.62452093,0,Centre,0
EX01,adult,50.23255814,1.657674419,0,Centre,0
EX01,adult,51.2372093,1.690827907,0,Centre,0
EX01,adult,52.24186047,1.723981395,0,Centre,0
EX01,adult,53.24651163,1.757134884,0,Centre,0
EX01,adult,54.25116279,1.790288372,0,Centre,0
EX01,adult,55.25581395,1.82344186,0,Centre,0
EX01,adult,56.26046512,1.856595349,0,Centre,0
EX01,adult,57.26511628,1.889748837,0,Centre,0
EX01,adult,58.26976744,1.922902326,0,Centre,0
EX01,adult,59.2744186,1.956055814,0,Centre,0
EX01,adult,60.27906977,1.989209302,0,Centre,0
EX01,adult,61.28372093,2.022362791,0,Centre,0
EX01,adult,62.28837209,2.055516279,0,Centre,0
EX01,adult,63.29302326,2.088669767,0,Centre,0
EX01,adult,64.29767442,2.121823256,0,Centre,0
EX01,adult,65.30232558,2.154976744,0,Centre,0
EX01,adult,66.30697674,2.188130233,0,Centre,0
EX01,adult,67.31162791,2.221283721,0,Centre,0
EX01,adult,68.31627907,2.254437209,0,Centre,0
EX01,adult,69.32093023,2.287590698,0,Centre,0
EX01,adult,70.3255814,2.320744186,0,Centre,0
EX01,adult,71.33023256,2.353897674,0,Centre,0
EX01,adult,72.33488372,2.387051163,0,Centre,0
EX01,adult,73.33953488,2.420204651,0,Centre,0
EX01,adult,74.34418605,2.45335814,0,Centre,0
EX01,adult,75.34883721,2.486511628,0,Centre,0
EX01,adult,76.35348837,2.519665116,0,Centre,0
EX01,adult,77.35813953,2.552818605,0,Centre,0
EX01,adult,78.3627907,2.585972093,0,Centre,0
EX01,adult,79.36744186,2.619125581,0,Centre,0
EX01,adult,80.37209302,2.65227907,0,Centre,0
EX01,adult,81.37674419,2.685432558,0,Centre,0
EX01,adult,82.38139535,2.718586047,0,Centre,0
EX01,adult,83.38604651,2.751739535,0,Centre,0
EX01,adult,84.39069767,2.784893023,0,Centre,0
EX01,adult,85.39534884,2.818046512,0,Centre,0
EX01,adult,86.4,2.8512,0,Centre,0
EX01,adult,87.40465116,2.884353488,0,Centre,0
EX01,adult,88.40930233,2.917506977,0,Centre,0
EX01,adult,89.41395349,2.950660465,0,Left,-1
EX01,adult,90.41860465,2.983813953,0,Left,-1
EX01,adult,91.42325581,3.016967442,-0.022727273,Left,-1
EX01,adult,92.42790698,3.05012093,-0.045454545,Left,-1
EX01,adult,93.43255814,3.083274419,-0.068181818,Left,-1
EX01,adult,94.4372093,3.116427907,-0.090909091,Left,-1
EX01,adult,95.44186047,3.149581395,-0.113636364,Left,-1
EX01,adult,96.44651163,3.182734884,-0.136363636,Left,-1
EX01,adult,97.45116279,3.215888372,-0.159090909,Left,-1
EX01,adult,98.45581395,3.24904186,-0.181818182,Left,-1
EX01,adult,99.46046512,3.282195349,-0.204545455,Left,-1
EX01,adult,100.4651163,3.315348837,-0.227272727,Left,-1
EX01,adult,101.4697674,3.348502326,-0.25,Left,-1
EX01,adult,102.4744186,3.381655814,-0.272727273,Left,-1
EX01,adult,103.4790698,3.414809302,-0.295454545,Left,-1
EX01,adult,104.4837209,3.447962791,-0.318181818,Left,-1
EX01,adult,105.4883721,3.481116279,-0.340909091,Left,-1
EX01,adult,106.4930233,3.514269767,-0.363636364,Left,-1
EX01,adult,107.4976744,3.547423256,-0.386363636,Left,-1
EX01,adult,108.5023256,3.580576744,-0.409090909,Left,-1
EX01,adult,109.5069767,3.613730233,-0.431818182,Left,-1
EX01,adult,110.5116279,3.646883721,-0.454545455,Left,-1
EX01,adult,111.5162791,3.680037209,-0.477272727,Left,-1
EX01,adult,112.5209302,3.713190698,-0.5,Left,-1
EX01,adult,113.5255814,3.746344186,-0.522727273,Left,-1
EX01,adult,114.5302326,3.779497674,-0.545454545,Left,-1
EX01,adult,115.5348837,3.812651163,-0.568181818,Left,-1
EX01,adult,116.5395349,3.845804651,-0.590909091,Left,-1
EX01,adult,117.544186,3.87895814,-0.613636364,Left,-1
EX01,adult,118.5488372,3.912111628,-0.636363636,Left,-1
EX01,adult,119.5534884,3.945265116,-0.659090909,Left,-1
EX01,adult,120.5581395,3.978418605,-0.681818182,Left,-1
EX01,adult,121.5627907,4.011572093,-0.704545455,Left,-1
EX01,adult,122.5674419,4.044725581,-0.727272727,Left,-1
EX01,adult,123.572093,4.07787907,-0.75,Left,-1
EX01,adult,124.5767442,4.111032558,-0.772727273,Left,-1
EX01,adult,125.5813953,4.144186047,-0.795454545,Left,-1
EX01,adult,126.5860465,4.177339535,-0.818181818,Left,-1
EX01,adult,127.5906977,4.210493023,-0.840909091,Left,-1
EX01,adult,128.5953488,4.243646512,-0.863636364,Left,-1
EX01,adult,129.6,4.2768,-0.886363636,Left,-1
EX01,adult,130.6046512,4.309953488,-0.886363636,Left,-1
EX01,adult,131.6093023,4.343106977,-0.909090909,Left,-1
EX01,adult,132.6139535,4.376260465,-0.931818182,Left,-1
EX01,adult,133.6186047,4.409413953,-0.954545455,Left,-1
EX01,adult,134.6232558,4.442567442,-0.977272727,Left,-1
EX01,adult,135.627907,4.47572093,-1,Left,-1
EX01,adult,136.6325581,4.508874419,-1,Left,-1
EX01,adult,137.6372093,4.542027907,-1,Left,-1
EX01,adult,138.6418605,4.575181395,-1,Left,-1
EX01,adult,139.6465116,4.608334884,-1,Left,-1
EX01,adult,140.6511628,4.641488372,-1,Left,-1
EX01,adult,141.655814,4.67464186,-1,Left,-1
EX01,adult,142.6604651,4.707795349,-1,Left,-1
EX01,adult,143.6651163,4.740948837,-1,Left,-1
EX01,adult,144.6697674,4.774102326,-1,Left,-1
EX01,adult,145.6744186,4.807255814,-1,Left,-1
EX01,adult,146.6790698,4.840409302,-1,Left,-1
EX01,adult,147.6837209,4.873562791,-1,Left,-1
EX01,adult,148.6883721,4.906716279,-1,Left,-1
EX01,adult,149.6930233,4.939869767,-1,Left,-1
EX01,adult,150.6976744,4.973023256,-1,Left,-1
EX01,adult,151.7023256,5.006176744,-1,Left,-1
EX01,adult,152.7069767,5.039330233,-1,Left,-1
EX01,adult,153.7116279,5.072483721,-1,Left,-1
EX01,adult,154.7162791,5.105637209,-1,Left,-1
EX01,adult,155.7209302,5.138790698,-1,Left,-1
EX01,adult,156.7255814,5.171944186,-1,Left,-1
EX01,adult,157.7302326,5.205097674,-1,Left,-1
EX01,adult,158.7348837,5.238251163,-1,Left,-1
EX01,adult,159.7395349,5.271404651,-1,Left,-1
EX01,adult,160.744186,5.30455814,-1,Left,-1
EX01,adult,161.7488372,5.337711628,-1,Left,-1
EX01,adult,162.7534884,5.370865116,-1,Left,-1
EX01,adult,163.7581395,5.404018605,-1,Left,-1
EX01,adult,164.7627907,5.437172093,-1,Left,-1
EX01,adult,165.7674419,5.470325581,-0.977272727,Left,-1
EX01,adult,166.772093,5.50347907,-0.954545455,Left,-1
EX01,adult,167.7767442,5.536632558,-0.931818182,Left,-1
EX01,adult,168.7813953,5.569786047,-0.909090909,Left,-1
EX01,adult,169.7860465,5.602939535,-0.886363636,Left,-1
EX01,adult,170.7906977,5.636093023,-0.863636364,Left,-1
EX01,adult,171.7953488,5.669246512,-0.840909091,Left,-1
EX01,adult,172.8,5.7024,-0.818181818,Left,-1
EX01,adult,173.8046512,5.735553488,-0.795454545,Left,-1
EX01,adult,174.8093023,5.768706977,-0.772727273,Left,-1
EX01,adult,175.8139535,5.801860465,-0.75,Left,-1
EX01,adult,176.8186047,5.835013953,-0.727272727,Left,-1
EX01,adult,177.8232558,5.868167442,-0.704545455,Centre,0
EX01,adult,178.827907,5.90132093,-0.681818182,Centre,0
EX01,adult,179.8325581,5.934474419,-0.659090909,Centre,0
EX01,adult,180.8372093,5.967627907,-0.636363636,Centre,0
EX01,adult,181.8418605,6.000781395,-0.613636364,Centre,0
EX01,adult,182.8465116,6.033934884,-0.590909091,Centre,0
EX01,adult,183.8511628,6.067088372,-0.568181818,Centre,0
EX01,adult,184.855814,6.10024186,-0.545454545,Centre,0
EX01,adult,185.8604651,6.133395349,-0.522727273,Centre,0
EX01,adult,186.8651163,6.166548837,-0.5,Centre,0
EX01,adult,187.8697674,6.199702326,-0.477272727,Centre,0
EX01,adult,188.8744186,6.232855814,-0.454545455,Centre,0
EX01,adult,189.8790698,6.266009302,-0.431818182,Centre,0
EX01,adult,190.8837209,6.299162791,-0.409090909,Centre,0
EX01,adult,191.8883721,6.332316279,-0.386363636,Centre,0
EX01,adult,192.8930233,6.365469767,-0.363636364,Centre,0
EX01,adult,193.8976744,6.398623256,-0.340909091,Centre,0
EX01,adult,194.9023256,6.431776744,-0.318181818,Centre,0
EX01,adult,195.9069767,6.464930233,-0.295454545,Centre,0
EX01,adult,196.9116279,6.498083721,-0.272727273,Centre,0
EX01,adult,197.9162791,6.531237209,-0.25,Centre,0
EX01,adult,198.9209302,6.564390698,-0.227272727,Centre,0
EX01,adult,199.9255814,6.597544186,-0.204545455,Centre,0
EX01,adult,200.9302326,6.630697674,-0.181818182,Centre,0
EX01,adult,201.9348837,6.663851163,-0.159090909,Centre,0
EX01,adult,202.9395349,6.697004651,-0.136363636,Centre,0
EX01,adult,203.944186,6.73015814,-0.113636364,Centre,0
EX01,adult,204.9488372,6.763311628,-0.090909091,Centre,0
EX01,adult,205.9534884,6.796465116,-0.068181818,Centre,0
EX01,adult,206.9581395,6.829618605,-0.045454545,Centre,0
EX01,adult,207.9627907,6.862772093,-0.022727273,Centre,0
EX01,adult,208.9674419,6.895925581,-0.022727273,Centre,0
EX01,adult,209.972093,6.92907907,-0.022727273,Centre,0
EX01,adult,210.9767442,6.962232558,-0.022727273,Centre,0
EX01,adult,211.9813953,6.995386047,-0.022727273,Centre,0
EX01,adult,212.9860465,7.028539535,-0.022727273,Centre,0
EX01,adult,213.9906977,7.061693023,-0.022727273,Centre,0
EX01,adult,214.9953488,7.094846512,-0.022727273,Centre,0
EX01,adult,216,7.128,-0.022727273,Centre,0
EX01,adult,217.0046512,7.161153488,-0.022727273,Centre,0
EX01,adult,218.0093023,7.194306977,-0.022727273,Centre,0
EX01,adult,219.0139535,7.227460465,0,Centre,0
EX01,adult,220.0186047,7.260613953,0,Centre,0
EX01,adult,221.0232558,7.293767442,0,Centre,0
EX01,adult,222.027907,7.32692093,0,Centre,0
EX01,adult,223.0325581,7.360074419,0,Centre,0
EX01,adult,224.0372093,7.393227907,0,Centre,0
EX01,adult,225.0418605,7.426381395,0,Centre,0
EX01,adult,226.0465116,7.459534884,0,Centre,0
EX01,adult,227.0511628,7.492688372,0,Centre,0
EX01,adult,228.055814,7.52584186,0,Centre,0
EX01,adult,229.0604651,7.558995349,0,Centre,0
EX01,adult,230.0651163,7.592148837,0,Centre,0
EX01,adult,231.0697674,7.625302326,0,Centre,0
EX01,adult,232.0744186,7.658455814,0,Centre,0
EX01,adult,233.0790698,7.691609302,0,Centre,0
EX01,adult,234.0837209,7.724762791,0,Centre,0
EX01,adult,235.0883721,7.757916279,0,Centre,0
EX01,adult,236.0930233,7.791069767,0,Centre,0
EX01,adult,237.0976744,7.824223256,0,Centre,0
EX01,adult,238.1023256,7.857376744,0,Centre,0
EX01,adult,239.1069767,7.890530233,0,Centre,0
EX01,adult,240.1116279,7.923683721,0,Centre,0
EX01,adult,241.1162791,7.956837209,0,Centre,0
EX01,adult,242.1209302,7.989990698,0,Centre,0
EX01,adult,243.1255814,8.023144186,0,Centre,0
EX01,adult,244.1302326,8.056297674,0,Centre,0
EX01,adult,245.1348837,8.089451163,0,Centre,0
EX01,adult,246.1395349,8.122604651,0,Centre,0
EX01,adult,247.144186,8.15575814,0,Centre,0
EX01,adult,248.1488372,8.188911628,0,Centre,0
EX01,adult,249.1534884,8.222065116,0.022727273,Centre,0
EX01,adult,250.1581395,8.255218605,0.045454545,Centre,0
EX01,adult,251.1627907,8.288372093,0.068181818,Right,1
EX01,adult,252.1674419,8.321525581,0.090909091,Right,1
EX01,adult,253.172093,8.35467907,0.113636364,Right,1
EX01,adult,254.1767442,8.387832558,0.136363636,Right,1
EX01,adult,255.1813953,8.420986047,0.159090909,Right,1
EX01,adult,256.1860465,8.454139535,0.159090909,Right,1
EX01,adult,257.1906977,8.487293023,0.181818182,Right,1
EX01,adult,258.1953488,8.520446512,0.204545455,Right,1
EX01,adult,259.2,8.5536,0.227272727,Right,1
EX01,adult,260.2046512,8.586753488,0.25,Right,1
EX01,adult,261.2093023,8.619906977,0.272727273,Right,1
EX01,adult,262.2139535,8.653060465,0.295454545,Right,1
EX01,adult,263.2186047,8.686213953,0.318181818,Right,1
EX01,adult,264.2232558,8.719367442,0.340909091,Right,1
EX01,adult,265.227907,8.75252093,0.363636364,Right,1
EX01,adult,266.2325581,8.785674419,0.386363636,Right,1
EX01,adult,267.2372093,8.818827907,0.409090909,Right,1
EX01,adult,268.2418605,8.851981395,0.431818182,Right,1
EX01,adult,269.2465116,8.885134884,0.454545455,Right,1
EX01,adult,270.2511628,8.918288372,0.477272727,Right,1
EX01,adult,271.255814,8.95144186,0.5,Right,1
EX01,adult,272.2604651,8.984595349,0.522727273,Right,1
EX01,adult,273.2651163,9.017748837,0.545454545,Right,1
EX01,adult,274.2697674,9.050902326,0.568181818,Right,1
EX01,adult,275.2744186,9.084055814,0.590909091,Right,1
EX01,adult,276.2790698,9.117209302,0.613636364,Right,1
EX01,adult,277.2837209,9.150362791,0.613636364,Right,1
EX01,adult,278.2883721,9.183516279,0.636363636,Right,1
EX01,adult,279.2930233,9.216669767,0.659090909,Right,1
EX01,adult,280.2976744,9.249823256,0.681818182,Right,1
EX01,adult,281.3023256,9.282976744,0.704545455,Right,1
EX01,adult,282.3069767,9.316130233,0.727272727,Right,1
EX01,adult,283.3116279,9.349283721,0.75,Right,1
EX01,adult,284.3162791,9.382437209,0.772727273,Right,1
EX01,adult,285.3209302,9.415590698,0.795454545,Right,1
EX01,adult,286.3255814,9.448744186,0.818181818,Right,1
EX01,adult,287.3302326,9.481897674,0.840909091,Right,1
EX01,adult,288.3348837,9.515051163,0.863636364,Right,1
EX01,adult,289.3395349,9.548204651,0.886363636,Right,1
EX01,adult,290.344186,9.58135814,0.909090909,Right,1
EX01,adult,291.3488372,9.614511628,0.931818182,Right,1
EX01,adult,292.3534884,9.647665116,0.954545455,Right,1
EX01,adult,293.3581395,9.680818605,0.977272727,Right,1
EX01,adult,294.3627907,9.713972093,1,Right,1
EX01,adult,295.3674419,9.747125581,1,Right,1
EX01,adult,296.372093,9.78027907,1,Right,1
EX01,adult,297.3767442,9.813432558,1,Right,1
EX01,adult,298.3813953,9.846586047,1,Right,1
EX01,adult,299.3860465,9.879739535,1,Right,1
EX01,adult,300.3906977,9.912893023,1,Right,1
EX01,adult,301.3953488,9.946046512,1,Right,1
EX01,adult,302.4,9.9792,1,Right,1
EX01,adult,303.4046512,10.01235349,1,Right,1
EX01,adult,304.4093023,10.04550698,1,Right,1
EX01,adult,305.4139535,10.07866047,1,Right,1
EX01,adult,306.4186047,10.11181395,1,Right,1
EX01,adult,307.4232558,10.14496744,1,Right,1
EX01,adult,308.427907,10.17812093,1,Right,1
EX01,adult,309.4325581,10.21127442,1,Right,1
EX01,adult,310.4372093,10.24442791,1,Right,1
EX01,adult,311.4418605,10.2775814,1,Right,1
EX01,adult,312.4465116,10.31073488,1,Right,1
EX01,adult,313.4511628,10.34388837,1,Right,1
EX01,adult,314.455814,10.37704186,1,Right,1
EX01,adult,315.4604651,10.41019535,1,Right,1
EX01,adult,316.4651163,10.44334884,1,Right,1
EX01,adult,317.4697674,10.47650233,1,Right,1
EX01,adult,318.4744186,10.50965581,1,Right,1
EX01,adult,319.4790698,10.5428093,1,Right,1
EX01,adult,320.4837209,10.57596279,1,Right,1
EX01,adult,321.4883721,10.60911628,1,Right,1
EX01,adult,322.4930233,10.64226977,1,Right,1
EX01,adult,323.4976744,10.67542326,1,Right,1
EX01,adult,324.5023256,10.70857674,1,Right,1
EX01,adult,325.5069767,10.74173023,1,Right,1
EX01,adult,326.5116279,10.77488372,1,Right,1
EX01,adult,327.5162791,10.80803721,1,Right,1
EX01,adult,328.5209302,10.8411907,1,Right,1
EX01,adult,329.5255814,10.87434419,1,Right,1
EX01,adult,330.5302326,10.90749767,1,Right,1
EX01,adult,331.5348837,10.94065116,1,Right,1
EX01,adult,332.5395349,10.97380465,1,Centre,0
EX01,adult,333.544186,11.00695814,1,Centre,0
EX01,adult,334.5488372,11.04011163,0.977272727,Centre,0
EX01,adult,335.5534884,11.07326512,0.954545455,Centre,0
EX01,adult,336.5581395,11.1064186,0.931818182,Centre,0
EX01,adult,337.5627907,11.13957209,0.909090909,Centre,0
EX01,adult,338.5674419,11.17272558,0.886363636,Centre,0
EX01,adult,339.572093,11.20587907,0.863636364,Centre,0
EX01,adult,340.5767442,11.23903256,0.840909091,Centre,0
EX01,adult,341.5813953,11.27218605,0.818181818,Centre,0
EX01,adult,342.5860465,11.30533953,0.795454545,Centre,0
EX01,adult,343.5906977,11.33849302,0.772727273,Centre,0
EX01,adult,344.5953488,11.37164651,0.75,Centre,0
EX01,adult,345.6,11.4048,0.727272727,Centre,0
EX01,adult,346.6046512,11.43795349,0.727272727,Centre,0
EX01,adult,347.6093023,11.47110698,0.704545455,Centre,0
EX01,adult,348.6139535,11.50426047,0.681818182,Centre,0
EX01,adult,349.6186047,11.53741395,0.659090909,Centre,0
EX01,adult,350.6232558,11.57056744,0.636363636,Centre,0
EX01,adult,351.627907,11.60372093,0.613636364,Centre,0
EX01,adult,352.6325581,11.63687442,0.590909091,Centre,0
EX01,adult,353.6372093,11.67002791,0.568181818,Centre,0
EX01,adult,354.6418605,11.7031814,0.545454545,Centre,0
EX01,adult,355.6465116,11.73633488,0.522727273,Centre,0
EX01,adult,356.6511628,11.76948837,0.5,Centre,0
EX01,adult,357.655814,11.80264186,0.477272727,Centre,0
EX01,adult,358.6604651,11.83579535,0.454545455,Centre,0
EX01,adult,359.6651163,11.86894884,0.431818182,Centre,0
EX01,adult,360.6697674,11.90210233,0.409090909,Centre,0
EX01,adult,361.6744186,11.93525581,0.386363636,Centre,0
EX01,adult,362.6790698,11.9684093,0.363636364,Centre,0
EX01,adult,363.6837209,12.00156279,0.340909091,Centre,0
EX01,adult,364.6883721,12.03471628,0.318181818,Centre,0
EX01,adult,365.6930233,12.06786977,0.295454545,Centre,0
EX01,adult,366.6976744,12.10102326,0.295454545,Centre,0
EX01,adult,367.7023256,12.13417674,0.272727273,Centre,0
EX01,adult,368.7069767,12.16733023,0.25,Centre,0
EX01,adult,369.7116279,12.20048372,0.227272727,Centre,0
EX01,adult,370.7162791,12.23363721,0.204545455,Centre,0
EX01,adult,371.7209302,12.2667907,0.181818182,Centre,0
EX01,adult,372.7255814,12.29994419,0.159090909,Centre,0
EX01,adult,373.7302326,12.33309767,0.136363636,Centre,0
EX01,adult,374.7348837,12.36625116,0.113636364,Centre,0
EX01,adult,375.7395349,12.39940465,0.090909091,Centre,0
EX01,adult,376.744186,12.43255814,0.068181818,Centre,0
EX01,adult,377.7488372,12.46571163,0.045454545,Centre,0
EX01,adult,378.7534884,12.49886512,0,Centre,0
EX01,adult,379.7581395,12.5320186,0,Centre,0
EX01,adult,380.7627907,12.56517209,0,Centre,0
EX01,adult,381.7674419,12.59832558,0,Centre,0
EX01,adult,382.772093,12.63147907,0,Centre,0
EX01,adult,383.7767442,12.66463256,0,Centre,0
EX01,adult,384.7813953,12.69778605,0,Centre,0
EX01,adult,385.7860465,12.73093953,0,Centre,0
EX01,adult,386.7906977,12.76409302,0,Centre,0
EX01,adult,387.7953488,12.79724651,0,Centre,0
EX01,adult,388.8,12.8304,0,Centre,0
EX01,adult,389.8046512,12.86355349,0,Centre,0
EX01,adult,390.8093023,12.89670698,0,Centre,0
EX01,adult,391.8139535,12.92986047,0,Centre,0
EX01,adult,392.8186047,12.96301395,0,Centre,0
EX01,adult,393.8232558,12.99616744,0,Centre,0
EX01,adult,394.827907,13.02932093,0,Centre,0
EX01,adult,395.8325581,13.06247442,0,Centre,0
EX01,adult,396.8372093,13.09562791,0,Centre,0
EX01,adult,397.8418605,13.1287814,0,Centre,0
EX01,adult,398.8465116,13.16193488,0,Centre,0
EX01,adult,399.8511628,13.19508837,0,Centre,0
EX01,adult,400.855814,13.22824186,0,Centre,0
EX01,adult,401.8604651,13.26139535,0,Centre,0
EX01,adult,402.8651163,13.29454884,0,Centre,0
EX01,adult,403.8697674,13.32770233,0,Centre,0
EX01,adult,404.8744186,13.36085581,0,Centre,0
EX01,adult,405.8790698,13.3940093,0,Centre,0
EX01,adult,406.8837209,13.42716279,0,Centre,0
EX01,adult,407.8883721,13.46031628,0,Centre,0
EX01,adult,408.8930233,13.49346977,0,Centre,0
EX01,adult,409.8976744,13.52662326,0,Centre,0
EX01,adult,410.9023256,13.55977674,0,Centre,0
EX01,adult,411.9069767,13.59293023,0,Centre,0
EX01,adult,412.9116279,13.62608372,0,Centre,0
EX01,adult,413.9162791,13.65923721,0,Centre,0
EX01,adult,414.9209302,13.6923907,0,Centre,0
EX01,adult,415.9255814,13.72554419,0,Centre,0
EX01,adult,416.9302326,13.75869767,0,Centre,0
EX01,adult,417.9348837,13.79185116,0,Centre,0
EX01,adult,418.9395349,13.82500465,0,Centre,0
EX01,adult,419.944186,13.85815814,0,Blink,0
EX01,adult,420.9488372,13.89131163,0,Blink,0
EX01,adult,421.9534884,13.92446512,0,Blink,0
EX01,adult,422.9581395,13.9576186,0,Blink,0
EX01,adult,423.9627907,13.99077209,0,Blink,0
EX01,adult,424.9674419,14.02392558,0,Blink,0
EX01,adult,425.972093,14.05707907,0,Blink,0
EX01,adult,426.9767442,14.09023256,0,Blink,0
EX01,adult,427.9813953,14.12338605,0,Centre,0
EX01,adult,428.9860465,14.15653953,0,Centre,0
EX01,adult,429.9906977,14.18969302,0,Centre,0
EX01,adult,430.9953488,14.22284651,0,Centre,0
EX01,adult,432,14.256,0,NA,0
EX02,adult,0,0,0,Centre,0
EX02,adult,0.997690531,0.032923788,0,Centre,0
EX02,adult,1.995381062,0.065847575,0,Centre,0
EX02,adult,2.993071594,0.098771363,0,Centre,0
EX02,adult,3.990762125,0.13169515,0,Centre,0
EX02,adult,4.988452656,0.164618938,0,Centre,0
EX02,adult,5.986143187,0.197542725,0,Centre,0
EX02,adult,6.983833718,0.230466513,0,Centre,0
EX02,adult,7.981524249,0.2633903,0,Centre,0
EX02,adult,8.979214781,0.296314088,0,Centre,0
EX02,adult,9.976905312,0.329237875,0,Centre,0
EX02,adult,10.97459584,0.362161663,0,Centre,0
EX02,adult,11.97228637,0.39508545,0,Centre,0
EX02,adult,12.96997691,0.428009238,0,Centre,0
EX02,adult,13.96766744,0.460933025,0,Centre,0
EX02,adult,14.96535797,0.493856813,0,Centre,0
EX02,adult,15.9630485,0.5267806,0,Centre,0
EX02,adult,16.96073903,0.559704388,0,Centre,0
EX02,adult,17.95842956,0.592628176,0,Centre,0
EX02,adult,18.95612009,0.625551963,0,Centre,0
EX02,adult,19.95381062,0.658475751,0,Centre,0
EX02,adult,20.95150115,0.691399538,0,Centre,0
EX02,adult,21.94919169,0.724323326,0,Centre,0
EX02,adult,22.94688222,0.757247113,0,Centre,0
EX02,adult,23.94457275,0.790170901,0,Centre,0
EX02,adult,24.94226328,0.823094688,0,Blink,0
EX02,adult,25.93995381,0.856018476,0,Blink,0
EX02,adult,26.93764434,0.888942263,0,Blink,0
EX02,adult,27.93533487,0.921866051,0,Centre,0
EX02,adult,28.9330254,0.954789838,0,Centre,0
EX02,adult,29.93071594,0.987713626,0,Centre,0
EX02,adult,30.92840647,1.020637413,0,Centre,0
EX02,adult,31.926097,1.053561201,0,Centre,0
EX02,adult,32.92378753,1.086484988,0,Centre,0
EX02,adult,33.92147806,1.119408776,0,Centre,0
EX02,adult,34.91916859,1.152332564,0,Centre,0
EX02,adult,35.91685912,1.185256351,0,Centre,0
EX02,adult,36.91454965,1.218180139,0,Centre,0
EX02,adult,37.91224018,1.251103926,0,Centre,0
EX02,adult,38.90993072,1.284027714,0,Centre,0
EX02,adult,39.90762125,1.316951501,0,Centre,0
EX02,adult,40.90531178,1.349875289,0,Centre,0
EX02,adult,41.90300231,1.382799076,0,Centre,0
EX02,adult,42.90069284,1.415722864,0,Centre,0
EX02,adult,43.89838337,1.448646651,0,Centre,0
EX02,adult,44.8960739,1.481570439,0,Centre,0
EX02,adult,45.89376443,1.514494226,0,Centre,0
EX02,adult,46.89145497,1.547418014,0,Centre,0
EX02,adult,47.8891455,1.580341801,0,Centre,0
EX02,adult,48.88683603,1.613265589,0,Centre,0
EX02,adult,49.88452656,1.646189376,0,Centre,0
EX02,adult,50.88221709,1.679113164,0,Centre,0
EX02,adult,51.87990762,1.712036952,0,Centre,0
EX02,adult,52.87759815,1.744960739,0,Centre,0
EX02,adult,53.87528868,1.777884527,0,Centre,0
EX02,adult,54.87297921,1.810808314,0,Centre,0
EX02,adult,55.87066975,1.843732102,0,Centre,0
EX02,adult,56.86836028,1.876655889,0,Centre,0
EX02,adult,57.86605081,1.909579677,0,Centre,0
EX02,adult,58.86374134,1.942503464,0,Centre,0
EX02,adult,59.86143187,1.975427252,0,Centre,0
EX02,adult,60.8591224,2.008351039,0,Centre,0
EX02,adult,61.85681293,2.041274827,0,Centre,0
EX02,adult,62.85450346,2.074198614,0,Centre,0
EX02,adult,63.852194,2.107122402,0,Centre,0
EX02,adult,64.84988453,2.140046189,0,Centre,0
EX02,adult,65.84757506,2.172969977,0,Centre,0
EX02,adult,66.84526559,2.205893764,0,Centre,0
EX02,adult,67.84295612,2.238817552,0,Centre,0
EX02,adult,68.84064665,2.271741339,0,Centre,0
EX02,adult,69.83833718,2.304665127,0,Centre,0
EX02,adult,70.83602771,2.337588915,0,Centre,0
EX02,adult,71.83371824,2.370512702,0,Centre,0
EX02,adult,72.83140878,2.40343649,0,Centre,0
EX02,adult,73.82909931,2.436360277,0,Centre,0
EX02,adult,74.82678984,2.469284065,0,Centre,0
EX02,adult,75.82448037,2.502207852,0,Centre,0
EX02,adult,76.8221709,2.53513164,0,Centre,0
EX02,adult,77.81986143,2.568055427,0,Centre,0
EX02,adult,78.81755196,2.600979215,0,Centre,0
EX02,adult,79.81524249,2.633903002,0,Centre,0
EX02,adult,80.81293303,2.66682679,0,Centre,0
EX02,adult,81.81062356,2.699750577,0,Centre,0
EX02,adult,82.80831409,2.732674365,0,Centre,0
EX02,adult,83.80600462,2.765598152,0,Centre,0
EX02,adult,84.80369515,2.79852194,0,Centre,0
EX02,adult,85.80138568,2.831445727,0,Centre,0
EX02,adult,86.79907621,2.864369515,0,Centre,0
EX02,adult,87.79676674,2.897293303,0,Centre,0
EX02,adult,88.79445727,2.93021709,0,Centre,0
EX02,adult,89.79214781,2.963140878,0,Centre,0
EX02,adult,90.78983834,2.996064665,0,Centre,0
EX02,adult,91.78752887,3.028988453,-0.022727273,Centre,0
EX02,adult,92.7852194,3.06191224,-0.045454545,Centre,0
EX02,adult,93.78290993,3.094836028,-0.068181818,Centre,0
EX02,adult,94.78060046,3.127759815,-0.090909091,Left,-1
EX02,adult,95.77829099,3.160683603,-0.113636364,Left,-1
EX02,adult,96.77598152,3.19360739,-0.136363636,Left,-1
EX02,adult,97.77367206,3.226531178,-0.159090909,Left,-1
EX02,adult,98.77136259,3.259454965,-0.181818182,Left,-1
EX02,adult,99.76905312,3.292378753,-0.204545455,Left,-1
EX02,adult,100.7667436,3.32530254,-0.227272727,Left,-1
EX02,adult,101.7644342,3.358226328,-0.25,Left,-1
EX02,adult,102.7621247,3.391150115,-0.272727273,Left,-1
EX02,adult,103.7598152,3.424073903,-0.295454545,Left,-1
EX02,adult,104.7575058,3.456997691,-0.318181818,Left,-1
EX02,adult,105.7551963,3.489921478,-0.340909091,Left,-1
EX02,adult,106.7528868,3.522845266,-0.363636364,Left,-1
EX02,adult,107.7505774,3.555769053,-0.386363636,Left,-1
EX02,adult,108.7482679,3.588692841,-0.409090909,Left,-1
EX02,adult,109.7459584,3.621616628,-0.431818182,Left,-1
EX02,adult,110.743649,3.654540416,-0.454545455,Left,-1
EX02,adult,111.7413395,3.687464203,-0.477272727,Left,-1
EX02,adult,112.73903,3.720387991,-0.5,Left,-1
EX02,adult,113.7367206,3.753311778,-0.522727273,Left,-1
EX02,adult,114.7344111,3.786235566,-0.545454545,Left,-1
EX02,adult,115.7321016,3.819159353,-0.568181818,Left,-1
EX02,adult,116.7297921,3.852083141,-0.590909091,Left,-1
EX02,adult,117.7274827,3.885006928,-0.613636364,Left,-1
EX02,adult,118.7251732,3.917930716,-0.636363636,Left,-1
EX02,adult,119.7228637,3.950854503,-0.659090909,Left,-1
EX02,adult,120.7205543,3.983778291,-0.681818182,Left,-1
EX02,adult,121.7182448,4.016702079,-0.704545455,Left,-1
EX02,adult,122.7159353,4.049625866,-0.727272727,Left,-1
EX02,adult,123.7136259,4.082549654,-0.75,Left,-1
EX02,adult,124.7113164,4.115473441,-0.772727273,Left,-1
EX02,adult,125.7090069,4.148397229,-0.795454545,Left,-1
EX02,adult,126.7066975,4.181321016,-0.818181818,Left,-1
EX02,adult,127.704388,4.214244804,-0.840909091,Left,-1
EX02,adult,128.7020785,4.247168591,-0.863636364,Left,-1
EX02,adult,129.6997691,4.280092379,-0.886363636,Left,-1
EX02,adult,130.6974596,4.313016166,-0.909090909,Left,-1
EX02,adult,131.6951501,4.345939954,-0.931818182,Left,-1
EX02,adult,132.6928406,4.378863741,-0.954545455,Left,-1
EX02,adult,133.6905312,4.411787529,-0.977272727,Left,-1
EX02,adult,134.6882217,4.444711316,-1,Left,-1
EX02,adult,135.6859122,4.477635104,-1,Left,-1
EX02,adult,136.6836028,4.510558891,-1,Left,-1
EX02,adult,137.6812933,4.543482679,-1,Left,-1
EX02,adult,138.6789838,4.576406467,-1,Left,-1
EX02,adult,139.6766744,4.609330254,-1,Left,-1
EX02,adult,140.6743649,4.642254042,-1,Left,-1
EX02,adult,141.6720554,4.675177829,-1,Left,-1
EX02,adult,142.669746,4.708101617,-1,Left,-1
EX02,adult,143.6674365,4.741025404,-1,Left,-1
EX02,adult,144.665127,4.773949192,-1,Left,-1
EX02,adult,145.6628176,4.806872979,-1,Left,-1
EX02,adult,146.6605081,4.839796767,-1,Left,-1
EX02,adult,147.6581986,4.872720554,-1,Left,-1
EX02,adult,148.6558891,4.905644342,-1,Left,-1
EX02,adult,149.6535797,4.938568129,-1,Left,-1
EX02,adult,150.6512702,4.971491917,-1,Left,-1
EX02,adult,151.6489607,5.004415704,-1,Left,-1
EX02,adult,152.6466513,5.037339492,-1,Left,-1
EX02,adult,153.6443418,5.070263279,-1,Left,-1
EX02,adult,154.6420323,5.103187067,-1,Left,-1
EX02,adult,155.6397229,5.136110855,-1,Left,-1
EX02,adult,156.6374134,5.169034642,-1,Left,-1
EX02,adult,157.6351039,5.20195843,-1,Left,-1
EX02,adult,158.6327945,5.234882217,-1,Left,-1
EX02,adult,159.630485,5.267806005,-1,Left,-1
EX02,adult,160.6281755,5.300729792,-1,Left,-1
EX02,adult,161.6258661,5.33365358,-1,Left,-1
EX02,adult,162.6235566,5.366577367,-1,Left,-1
EX02,adult,163.6212471,5.399501155,-1,Left,-1
EX02,adult,164.6189376,5.432424942,-1,Left,-1
EX02,adult,165.6166282,5.46534873,-0.977272727,Left,-1
EX02,adult,166.6143187,5.498272517,-0.954545455,Left,-1
EX02,adult,167.6120092,5.531196305,-0.931818182,Left,-1
EX02,adult,168.6096998,5.564120092,-0.909090909,Left,-1
EX02,adult,169.6073903,5.59704388,-0.886363636,Left,-1
EX02,adult,170.6050808,5.629967667,-0.863636364,Left,-1
EX02,adult,171.6027714,5.662891455,-0.840909091,Left,-1
EX02,adult,172.6004619,5.695815242,-0.818181818,Left,-1
EX02,adult,173.5981524,5.72873903,-0.795454545,Centre,0
EX02,adult,174.595843,5.761662818,-0.772727273,Centre,0
EX02,adult,175.5935335,5.794586605,-0.75,Centre,0
EX02,adult,176.591224,5.827510393,-0.727272727,Centre,0
EX02,adult,177.5889145,5.86043418,-0.704545455,Centre,0
EX02,adult,178.5866051,5.893357968,-0.681818182,Centre,0
EX02,adult,179.5842956,5.926281755,-0.659090909,Centre,0
EX02,adult,180.5819861,5.959205543,-0.636363636,Centre,0
EX02,adult,181.5796767,5.99212933,-0.613636364,Centre,0
EX02,adult,182.5773672,6.025053118,-0.590909091,Centre,0
EX02,adult,183.5750577,6.057976905,-0.568181818,Centre,0
EX02,adult,184.5727483,6.090900693,-0.545454545,Centre,0
EX02,adult,185.5704388,6.12382448,-0.522727273,Centre,0
EX02,adult,186.5681293,6.156748268,-0.5,Centre,0
EX02,adult,187.5658199,6.189672055,-0.477272727,Centre,0
EX02,adult,188.5635104,6.222595843,-0.454545455,Centre,0
EX02,adult,189.5612009,6.25551963,-0.431818182,Centre,0
EX02,adult,190.5588915,6.288443418,-0.409090909,Centre,0
EX02,adult,191.556582,6.321367206,-0.386363636,Centre,0
EX02,adult,192.5542725,6.354290993,-0.363636364,Centre,0
EX02,adult,193.551963,6.387214781,-0.340909091,Centre,0
EX02,adult,194.5496536,6.420138568,-0.318181818,Centre,0
EX02,adult,195.5473441,6.453062356,-0.295454545,Centre,0
EX02,adult,196.5450346,6.485986143,-0.272727273,Centre,0
EX02,adult,197.5427252,6.518909931,-0.25,Centre,0
EX02,adult,198.5404157,6.551833718,-0.227272727,Centre,0
EX02,adult,199.5381062,6.584757506,-0.204545455,Centre,0
EX02,adult,200.5357968,6.617681293,-0.181818182,Centre,0
EX02,adult,201.5334873,6.650605081,-0.159090909,Centre,0
EX02,adult,202.5311778,6.683528868,-0.136363636,Centre,0
EX02,adult,203.5288684,6.716452656,-0.113636364,Centre,0
EX02,adult,204.5265589,6.749376443,-0.090909091,Centre,0
EX02,adult,205.5242494,6.782300231,-0.068181818,Centre,0
EX02,adult,206.52194,6.815224018,-0.045454545,Centre,0
EX02,adult,207.5196305,6.848147806,-0.022727273,Centre,0
EX02,adult,208.517321,6.881071594,-0.022727273,Centre,0
EX02,adult,209.5150115,6.913995381,-0.022727273,Centre,0
EX02,adult,210.5127021,6.946919169,-0.022727273,Centre,0
EX02,adult,211.5103926,6.979842956,-0.022727273,Centre,0
EX02,adult,212.5080831,7.012766744,-0.022727273,Centre,0
EX02,adult,213.5057737,7.045690531,-0.022727273,Centre,0
EX02,adult,214.5034642,7.078614319,-0.022727273,Centre,0
EX02,adult,215.5011547,7.111538106,-0.022727273,Centre,0
EX02,adult,216.4988453,7.144461894,-0.022727273,Centre,0
EX02,adult,217.4965358,7.177385681,-0.022727273,Centre,0
EX02,adult,218.4942263,7.210309469,0,Centre,0
EX02,adult,219.4919169,7.243233256,0,Centre,0
EX02,adult,220.4896074,7.276157044,0,Centre,0
EX02,adult,221.4872979,7.309080831,0,Centre,0
EX02,adult,222.4849885,7.342004619,0,Centre,0
EX02,adult,223.482679,7.374928406,0,Centre,0
EX02,adult,224.4803695,7.407852194,0,Centre,0
EX02,adult,225.47806,7.440775982,0,Centre,0
EX02,adult,226.4757506,7.473699769,0,Centre,0
EX02,adult,227.4734411,7.506623557,0,Centre,0
EX02,adult,228.4711316,7.539547344,0,Blink,0
EX02,adult,229.4688222,7.572471132,0,Blink,0
EX02,adult,230.4665127,7.605394919,0,Blink,0
EX02,adult,231.4642032,7.638318707,0,Blink,0
EX02,adult,232.4618938,7.671242494,0,Centre,0
EX02,adult,233.4595843,7.704166282,0,Centre,0
EX02,adult,234.4572748,7.737090069,0,Centre,0
EX02,adult,235.4549654,7.770013857,0,Centre,0
EX02,adult,236.4526559,7.802937644,0,Centre,0
EX02,adult,237.4503464,7.835861432,0,Centre,0
EX02,adult,238.448037,7.868785219,0,Centre,0
EX02,adult,239.4457275,7.901709007,0,Centre,0
EX02,adult,240.443418,7.934632794,0,Centre,0
EX02,adult,241.4411085,7.967556582,0,Centre,0
EX02,adult,242.4387991,8.00048037,0,Centre,0
EX02,adult,243.4364896,8.033404157,0,Centre,0
EX02,adult,244.4341801,8.066327945,0,Centre,0
EX02,adult,245.4318707,8.099251732,0,Centre,0
EX02,adult,246.4295612,8.13217552,0,Centre,0
EX02,adult,247.4272517,8.165099307,0,Centre,0
EX02,adult,248.4249423,8.198023095,0,Right,1
EX02,adult,249.4226328,8.230946882,0.022727273,Right,1
EX02,adult,250.4203233,8.26387067,0.045454545,Right,1
EX02,adult,251.4180139,8.296794457,0.068181818,Right,1
EX02,adult,252.4157044,8.329718245,0.090909091,Right,1
EX02,adult,253.4133949,8.362642032,0.113636364,Right,1
EX02,adult,254.4110855,8.39556582,0.136363636,Right,1
EX02,adult,255.408776,8.428489607,0.159090909,Right,1
EX02,adult,256.4064665,8.461413395,0.181818182,Right,1
EX02,adult,257.404157,8.494337182,0.204545455,Right,1
EX02,adult,258.4018476,8.52726097,0.227272727,Right,1
EX02,adult,259.3995381,8.560184758,0.25,Right,1
EX02,adult,260.3972286,8.593108545,0.25,Right,1
EX02,adult,261.3949192,8.626032333,0.272727273,Right,1
EX02,adult,262.3926097,8.65895612,0.295454545,Right,1
EX02,adult,263.3903002,8.691879908,0.318181818,Right,1
EX02,adult,264.3879908,8.724803695,0.340909091,Right,1
EX02,adult,265.3856813,8.757727483,0.363636364,Right,1
EX02,adult,266.3833718,8.79065127,0.386363636,Right,1
EX02,adult,267.3810624,8.823575058,0.409090909,Right,1
EX02,adult,268.3787529,8.856498845,0.431818182,Right,1
EX02,adult,269.3764434,8.889422633,0.454545455,Right,1
EX02,adult,270.3741339,8.92234642,0.477272727,Right,1
EX02,adult,271.3718245,8.955270208,0.5,Right,1
EX02,adult,272.369515,8.988193995,0.522727273,Right,1
EX02,adult,273.3672055,9.021117783,0.545454545,Right,1
EX02,adult,274.3648961,9.05404157,0.568181818,Right,1
EX02,adult,275.3625866,9.086965358,0.590909091,Right,1
EX02,adult,276.3602771,9.119889145,0.613636364,Right,1
EX02,adult,277.3579677,9.152812933,0.636363636,Right,1
EX02,adult,278.3556582,9.185736721,0.636363636,Right,1
EX02,adult,279.3533487,9.218660508,0.659090909,Right,1
EX02,adult,280.3510393,9.251584296,0.681818182,Right,1
EX02,adult,281.3487298,9.284508083,0.704545455,Right,1
EX02,adult,282.3464203,9.317431871,0.727272727,Right,1
EX02,adult,283.3441109,9.350355658,0.75,Right,1
EX02,adult,284.3418014,9.383279446,0.772727273,Right,1
EX02,adult,285.3394919,9.416203233,0.795454545,Right,1
EX02,adult,286.3371824,9.449127021,0.818181818,Right,1
EX02,adult,287.334873,9.482050808,0.840909091,Right,1
EX02,adult,288.3325635,9.514974596,0.863636364,Right,1
EX02,adult,289.330254,9.547898383,0.886363636,Right,1
EX02,adult,290.3279446,9.580822171,0.909090909,Right,1
EX02,adult,291.3256351,9.613745958,0.931818182,Right,1
EX02,adult,292.3233256,9.646669746,0.954545455,Right,1
EX02,adult,293.3210162,9.679593533,0.977272727,Right,1
EX02,adult,294.3187067,9.712517321,1,Right,1
EX02,adult,295.3163972,9.745441109,1,Right,1
EX02,adult,296.3140878,9.778364896,1,Right,1
EX02,adult,297.3117783,9.811288684,1,Right,1
EX02,adult,298.3094688,9.844212471,1,Right,1
EX02,adult,299.3071594,9.877136259,1,Right,1
EX02,adult,300.3048499,9.910060046,1,Right,1
EX02,adult,301.3025404,9.942983834,1,Right,1
EX02,adult,302.3002309,9.975907621,1,Right,1
EX02,adult,303.2979215,10.00883141,1,Right,1
EX02,adult,304.295612,10.0417552,1,Right,1
EX02,adult,305.2933025,10.07467898,1,Right,1
EX02,adult,306.2909931,10.10760277,1,Right,1
EX02,adult,307.2886836,10.14052656,1,Right,1
EX02,adult,308.2863741,10.17345035,1,Right,1
EX02,adult,309.2840647,10.20637413,1,Right,1
EX02,adult,310.2817552,10.23929792,1,Right,1
EX02,adult,311.2794457,10.27222171,1,Right,1
EX02,adult,312.2771363,10.3051455,1,Right,1
EX02,adult,313.2748268,10.33806928,1,Right,1
EX02,adult,314.2725173,10.37099307,1,Right,1
EX02,adult,315.2702079,10.40391686,1,Right,1
EX02,adult,316.2678984,10.43684065,1,Right,1
EX02,adult,317.2655889,10.46976443,1,Right,1
EX02,adult,318.2632794,10.50268822,1,Right,1
EX02,adult,319.26097,10.53561201,1,Right,1
EX02,adult,320.2586605,10.5685358,1,Right,1
EX02,adult,321.256351,10.60145958,1,Right,1
EX02,adult,322.2540416,10.63438337,1,Right,1
EX02,adult,323.2517321,10.66730716,1,Right,1
EX02,adult,324.2494226,10.70023095,1,Right,1
EX02,adult,325.2471132,10.73315473,1,Right,1
EX02,adult,326.2448037,10.76607852,1,Right,1
EX02,adult,327.2424942,10.79900231,1,Right,1
EX02,adult,328.2401848,10.8319261,1,Right,1
EX02,adult,329.2378753,10.86484988,1,Right,1
EX02,adult,330.2355658,10.89777367,1,Centre,0
EX02,adult,331.2332564,10.93069746,1,Centre,0
EX02,adult,332.2309469,10.96362125,1,Centre,0
EX02,adult,333.2286374,10.99654503,1,Centre,0
EX02,adult,334.2263279,11.02946882,0.977272727,Centre,0
EX02,adult,335.2240185,11.06239261,0.954545455,Centre,0
EX02,adult,336.221709,11.0953164,0.931818182,Centre,0
EX02,adult,337.2193995,11.12824018,0.909090909,Centre,0
EX02,adult,338.2170901,11.16116397,0.886363636,Centre,0
EX02,adult,339.2147806,11.19408776,0.886363636,Centre,0
EX02,adult,340.2124711,11.22701155,0.863636364,Centre,0
EX02,adult,341.2101617,11.25993533,0.840909091,Centre,0
EX02,adult,342.2078522,11.29285912,0.818181818,Centre,0
EX02,adult,343.2055427,11.32578291,0.795454545,Centre,0
EX02,adult,344.2032333,11.3587067,0.772727273,Centre,0
EX02,adult,345.2009238,11.39163048,0.75,Centre,0
EX02,adult,346.1986143,11.42455427,0.727272727,Centre,0
EX02,adult,347.1963048,11.45747806,0.704545455,Centre,0
EX02,adult,348.1939954,11.49040185,0.681818182,Centre,0
EX02,adult,349.1916859,11.52332564,0.659090909,Centre,0
EX02,adult,350.1893764,11.55624942,0.636363636,Centre,0
EX02,adult,351.187067,11.58917321,0.613636364,Centre,0
EX02,adult,352.1847575,11.622097,0.590909091,Centre,0
EX02,adult,353.182448,11.65502079,0.568181818,Centre,0
EX02,adult,354.1801386,11.68794457,0.545454545,Centre,0
EX02,adult,355.1778291,11.72086836,0.522727273,Centre,0
EX02,adult,356.1755196,11.75379215,0.5,Centre,0
EX02,adult,357.1732102,11.78671594,0.5,Centre,0
EX02,adult,358.1709007,11.81963972,0.477272727,Centre,0
EX02,adult,359.1685912,11.85256351,0.454545455,Centre,0
EX02,adult,360.1662818,11.8854873,0.431818182,Centre,0
EX02,adult,361.1639723,11.91841109,0.409090909,Centre,0
EX02,adult,362.1616628,11.95133487,0.386363636,Centre,0
EX02,adult,363.1593533,11.98425866,0.363636364,Centre,0
EX02,adult,364.1570439,12.01718245,0.340909091,Centre,0
EX02,adult,365.1547344,12.05010624,0.318181818,Centre,0
EX02,adult,366.1524249,12.08303002,0.295454545,Centre,0
EX02,adult,367.1501155,12.11595381,0.272727273,Centre,0
EX02,adult,368.147806,12.1488776,0.25,Centre,0
EX02,adult,369.1454965,12.18180139,0.227272727,Centre,0
EX02,adult,370.1431871,12.21472517,0.204545455,Centre,0
EX02,adult,371.1408776,12.24764896,0.181818182,Centre,0
EX02,adult,372.1385681,12.28057275,0.159090909,Centre,0
EX02,adult,373.1362587,12.31349654,0.136363636,Centre,0
EX02,adult,374.1339492,12.34642032,0.113636364,Centre,0
EX02,adult,375.1316397,12.37934411,0.113636364,Centre,0
EX02,adult,376.1293303,12.4122679,0.090909091,Centre,0
EX02,adult,377.1270208,12.44519169,0.068181818,Centre,0
EX02,adult,378.1247113,12.47811547,0.045454545,Centre,0
EX02,adult,379.1224018,12.51103926,0,Centre,0
EX02,adult,380.1200924,12.54396305,0,Centre,0
EX02,adult,381.1177829,12.57688684,0,Centre,0
EX02,adult,382.1154734,12.60981062,0,Centre,0
EX02,adult,383.113164,12.64273441,0,Centre,0
EX02,adult,384.1108545,12.6756582,0,Centre,0
EX02,adult,385.108545,12.70858199,0,Centre,0
EX02,adult,386.1062356,12.74150577,0,Centre,0
EX02,adult,387.1039261,12.77442956,0,Centre,0
EX02,adult,388.1016166,12.80735335,0,Centre,0
EX02,adult,389.0993072,12.84027714,0,Centre,0
EX02,adult,390.0969977,12.87320092,0,Centre,0
EX02,adult,391.0946882,12.90612471,0,Centre,0
EX02,adult,392.0923788,12.9390485,0,Centre,0
EX02,adult,393.0900693,12.97197229,0,Centre,0
EX02,adult,394.0877598,13.00489607,0,Centre,0
EX02,adult,395.0854503,13.03781986,0,Centre,0
EX02,adult,396.0831409,13.07074365,0,Centre,0
EX02,adult,397.0808314,13.10366744,0,Centre,0
EX02,adult,398.0785219,13.13659122,0,Centre,0
EX02,adult,399.0762125,13.16951501,0,Centre,0
EX02,adult,400.073903,13.2024388,0,Centre,0
EX02,adult,401.0715935,13.23536259,0,Centre,0
EX02,adult,402.0692841,13.26828637,0,Centre,0
EX02,adult,403.0669746,13.30121016,0,Centre,0
EX02,adult,404.0646651,13.33413395,0,Centre,0
EX02,adult,405.0623557,13.36705774,0,Centre,0
EX02,adult,406.0600462,13.39998152,0,Centre,0
EX02,adult,407.0577367,13.43290531,0,Centre,0
EX02,adult,408.0554273,13.4658291,0,Centre,0
EX02,adult,409.0531178,13.49875289,0,Centre,0
EX02,adult,410.0508083,13.53167667,0,Centre,0
EX02,adult,411.0484988,13.56460046,0,Centre,0
EX02,adult,412.0461894,13.59752425,0,Centre,0
EX02,adult,413.0438799,13.63044804,0,Centre,0
EX02,adult,414.0415704,13.66337182,0,Centre,0
EX02,adult,415.039261,13.69629561,0,Centre,0
EX02,adult,416.0369515,13.7292194,0,Centre,0
EX02,adult,417.034642,13.76214319,0,Centre,0
EX02,adult,418.0323326,13.79506697,0,Centre,0
EX02,adult,419.0300231,13.82799076,0,Centre,0
EX02,adult,420.0277136,13.86091455,0,Centre,0
EX02,adult,421.0254042,13.89383834,0,Centre,0
EX02,adult,422.0230947,13.92676212,0,Centre,0
EX02,adult,423.0207852,13.95968591,0,Centre,0
EX02,adult,424.0184758,13.9926097,0,Centre,0
EX02,adult,425.0161663,14.02553349,0,Centre,0
EX02,adult,426.0138568,14.05845727,0,Centre,0
EX02,adult,427.0115473,14.09138106,0,Centre,0
EX02,adult,428.0092379,14.12430485,0,Centre,0
EX02,adult,429.0069284,14.15722864,0,Centre,0
EX02,adult,430.0046189,14.19015242,0,Centre,0
EX02,adult,431.0023095,14.22307621,0,Centre,0
EX02,adult,432,14.256,0,NA,0
EX03,adult,0,0,0,Centre,0
EX03,adult,1,0.033,0,Centre,0
EX03,adult,2,0.066,0,Centre,0
EX03,adult,3,0.099,0,Centre,0
EX03,adult,4,0.132,0,Centre,0
EX03,adult,5,0.165,0,Centre,0
EX03,adult,6,0.198,0,Centre,0
EX03,adult,7,0.231,0,Centre,0
EX03,adult,8,0.264,0,Centre,0
EX03,adult,9,0.297,0,Centre,0
EX03,adult,10,0.33,0,Centre,0
EX03,adult,11,0.363,0,Centre,0
EX03,adult,12,0.396,0,Centre,0
EX03,adult,13,0.429,0,Centre,0
EX03,adult,14,0.462,0,Centre,0
EX03,adult,15,0.495,0,Centre,0
EX03,adult,16,0.528,0,Centre,0
EX03,adult,17,0.561,0,Centre,0
EX03,adult,18,0.594,0,Centre,0
EX03,adult,19,0.627,0,Centre,0
EX03,adult,20,0.66,0,Centre,0
EX03,adult,21,0.693,0,Centre,0
EX03,adult,22,0.726,0,Centre,0
EX03,adult,23,0.759,0,Centre,0
EX03,adult,24,0.792,0,Centre,0
EX03,adult,25,0.825,0,Centre,0
EX03,adult,26,0.858,0,Centre,0
EX03,adult,27,0.891,0,Centre,0
EX03,adult,28,0.924,0,Centre,0
EX03,adult,29,0.957,0,Centre,0
EX03,adult,30,0.99,0,Centre,0
EX03,adult,31,1.023,0,Centre,0
EX03,adult,32,1.056,0,Centre,0
EX03,adult,33,1.089,0,Centre,0
EX03,adult,34,1.122,0,Centre,0
EX03,adult,35,1.155,0,Centre,0
EX03,adult,36,1.188,0,Centre,0
EX03,adult,37,1.221,0,Centre,0
EX03,adult,38,1.254,0,Centre,0
EX03,adult,39,1.287,0,Centre,0
EX03,adult,40,1.32,0,Centre,0
EX03,adult,41,1.353,0,Centre,0
EX03,adult,42,1.386,0,Centre,0
EX03,adult,43,1.419,0,Centre,0
EX03,adult,44,1.452,0,Centre,0
EX03,adult,45,1.485,0,Centre,0
EX03,adult,46,1.518,0,Centre,0
EX03,adult,47,1.551,0,Centre,0
EX03,adult,48,1.584,0,Centre,0
EX03,adult,49,1.617,0,Centre,0
EX03,adult,50,1.65,0,Centre,0
EX03,adult,51,1.683,0,Centre,0
EX03,adult,52,1.716,0,Centre,0
EX03,adult,53,1.749,0,Centre,0
EX03,adult,54,1.782,0,Centre,0
EX03,adult,55,1.815,0,Centre,0
EX03,adult,56,1.848,0,Centre,0
EX03,adult,57,1.881,0,Centre,0
EX03,adult,58,1.914,0,Centre,0
EX03,adult,59,1.947,0,Centre,0
EX03,adult,60,1.98,0,Centre,0
EX03,adult,61,2.013,0,Centre,0
EX03,adult,62,2.046,0,Centre,0
EX03,adult,63,2.079,0,Centre,0
EX03,adult,64,2.112,0,Centre,0
EX03,adult,65,2.145,0,Centre,0
EX03,adult,66,2.178,0,Centre,0
EX03,adult,67,2.211,0,Centre,0
EX03,adult,68,2.244,0,Centre,0
EX03,adult,69,2.277,0,Centre,0
EX03,adult,70,2.31,0,Centre,0
EX03,adult,71,2.343,0,Centre,0
EX03,adult,72,2.376,0,Centre,0
EX03,adult,73,2.409,0,Centre,0
EX03,adult,74,2.442,0,Centre,0
EX03,adult,75,2.475,0,Centre,0
EX03,adult,76,2.508,0,Centre,0
EX03,adult,77,2.541,0,Centre,0
EX03,adult,78,2.574,0,Centre,0
EX03,adult,79,2.607,0,Centre,0
EX03,adult,80,2.64,0,Centre,0
EX03,adult,81,2.673,0,Centre,0
EX03,adult,82,2.706,0,Centre,0
EX03,adult,83,2.739,0,Centre,0
EX03,adult,84,2.772,0,Centre,0
EX03,adult,85,2.805,0,Centre,0
EX03,adult,86,2.838,0,Centre,0
EX03,adult,87,2.871,0,Centre,0
EX03,adult,88,2.904,0,Centre,0
EX03,adult,89,2.937,0,Centre,0
EX03,adult,90,2.97,0,Centre,0
EX03,adult,91,3.003,0,Centre,0
EX03,adult,92,3.036,-0.022727273,Centre,0
EX03,adult,93,3.069,-0.045454545,Centre,0
EX03,adult,94,3.102,-0.068181818,Left,-1
EX03,adult,95,3.135,-0.090909091,Left,-1
EX03,adult,96,3.168,-0.113636364,Left,-1
EX03,adult,97,3.201,-0.136363636,Left,-1
EX03,adult,98,3.234,-0.159090909,Left,-1
EX03,adult,99,3.267,-0.181818182,Left,-1
EX03,adult,100,3.3,-0.204545455,Left,-1
EX03,adult,101,3.333,-0.227272727,Left,-1
EX03,adult,102,3.366,-0.25,Left,-1
EX03,adult,103,3.399,-0.272727273,Left,-1
EX03,adult,104,3.432,-0.295454545,Left,-1
EX03,adult,105,3.465,-0.318181818,Left,-1
EX03,adult,106,3.498,-0.340909091,Left,-1
EX03,adult,107,3.531,-0.363636364,Left,-1
EX03,adult,108,3.564,-0.386363636,Left,-1
EX03,adult,109,3.597,-0.409090909,Left,-1
EX03,adult,110,3.63,-0.431818182,Left,-1
EX03,adult,111,3.663,-0.454545455,Left,-1
EX03,adult,112,3.696,-0.477272727,Left,-1
EX03,adult,113,3.729,-0.5,Left,-1
EX03,adult,114,3.762,-0.522727273,Left,-1
EX03,adult,115,3.795,-0.545454545,Left,-1
EX03,adult,116,3.828,-0.568181818,Left,-1
EX03,adult,117,3.861,-0.590909091,Left,-1
EX03,adult,118,3.894,-0.613636364,Left,-1
EX03,adult,119,3.927,-0.636363636,Left,-1
EX03,adult,120,3.96,-0.659090909,Left,-1
EX03,adult,121,3.993,-0.681818182,Left,-1
EX03,adult,122,4.026,-0.704545455,Left,-1
EX03,adult,123,4.059,-0.727272727,Left,-1
EX03,adult,124,4.092,-0.75,Left,-1
EX03,adult,125,4.125,-0.772727273,Left,-1
EX03,adult,126,4.158,-0.795454545,Left,-1
EX03,adult,127,4.191,-0.818181818,Left,-1
EX03,adult,128,4.224,-0.840909091,Left,-1
EX03,adult,129,4.257,-0.863636364,Left,-1
EX03,adult,130,4.29,-0.886363636,Left,-1
EX03,adult,131,4.323,-0.909090909,Left,-1
EX03,adult,132,4.356,-0.931818182,Left,-1
EX03,adult,133,4.389,-0.954545455,Left,-1
EX03,adult,134,4.422,-0.977272727,Left,-1
EX03,adult,135,4.455,-1,Left,-1
EX03,adult,136,4.488,-1,Left,-1
EX03,adult,137,4.521,-1,Left,-1
EX03,adult,138,4.554,-1,Left,-1
EX03,adult,139,4.587,-1,Left,-1
EX03,adult,140,4.62,-1,Left,-1
EX03,adult,141,4.653,-1,Left,-1
EX03,adult,142,4.686,-1,Left,-1
EX03,adult,143,4.719,-1,Left,-1
EX03,adult,144,4.752,-1,Left,-1
EX03,adult,145,4.785,-1,Left,-1
EX03,adult,146,4.818,-1,Left,-1
EX03,adult,147,4.851,-1,Left,-1
EX03,adult,148,4.884,-1,Left,-1
EX03,adult,149,4.917,-1,Left,-1
EX03,adult,150,4.95,-1,Left,-1
EX03,adult,151,4.983,-1,Left,-1
EX03,adult,152,5.016,-1,Left,-1
EX03,adult,153,5.049,-1,Left,-1
EX03,adult,154,5.082,-1,Left,-1
EX03,adult,155,5.115,-1,Left,-1
EX03,adult,156,5.148,-1,Left,-1
EX03,adult,157,5.181,-1,Left,-1
EX03,adult,158,5.214,-1,Left,-1
EX03,adult,159,5.247,-1,Left,-1
EX03,adult,160,5.28,-1,Left,-1
EX03,adult,161,5.313,-1,Left,-1
EX03,adult,162,5.346,-1,Left,-1
EX03,adult,163,5.379,-1,Left,-1
EX03,adult,164,5.412,-1,Left,-1
EX03,adult,165,5.445,-0.977272727,Left,-1
EX03,adult,166,5.478,-0.954545455,Left,-1
EX03,adult,167,5.511,-0.931818182,Left,-1
EX03,adult,168,5.544,-0.909090909,Left,-1
EX03,adult,169,5.577,-0.886363636,Left,-1
EX03,adult,170,5.61,-0.886363636,Left,-1
EX03,adult,171,5.643,-0.863636364,Left,-1
EX03,adult,172,5.676,-0.840909091,Left,-1
EX03,adult,173,5.709,-0.818181818,Left,-1
EX03,adult,174,5.742,-0.795454545,Left,-1
EX03,adult,175,5.775,-0.772727273,Centre,0
EX03,adult,176,5.808,-0.75,Centre,0
EX03,adult,177,5.841,-0.727272727,Centre,0
EX03,adult,178,5.874,-0.704545455,Centre,0
EX03,adult,179,5.907,-0.681818182,Centre,0
EX03,adult,180,5.94,-0.659090909,Blink,0
EX03,adult,181,5.973,-0.636363636,Blink,0
EX03,adult,182,6.006,-0.613636364,Blink,0
EX03,adult,183,6.039,-0.590909091,Blink,0
EX03,adult,184,6.072,-0.568181818,Blink,0
EX03,adult,185,6.105,-0.545454545,Blink,0
EX03,adult,186,6.138,-0.522727273,Blink,0
EX03,adult,187,6.171,-0.5,Centre,0
EX03,adult,188,6.204,-0.477272727,Centre,0
EX03,adult,189,6.237,-0.454545455,Centre,0
EX03,adult,190,6.27,-0.431818182,Centre,0
EX03,adult,191,6.303,-0.409090909,Centre,0
EX03,adult,192,6.336,-0.386363636,Centre,0
EX03,adult,193,6.369,-0.363636364,Centre,0
EX03,adult,194,6.402,-0.340909091,Centre,0
EX03,adult,195,6.435,-0.318181818,Centre,0
EX03,adult,196,6.468,-0.295454545,Centre,0
EX03,adult,197,6.501,-0.272727273,Centre,0
EX03,adult,198,6.534,-0.25,Centre,0
EX03,adult,199,6.567,-0.227272727,Centre,0
EX03,adult,200,6.6,-0.204545455,Centre,0
EX03,adult,201,6.633,-0.181818182,Centre,0
EX03,adult,202,6.666,-0.159090909,Centre,0
EX03,adult,203,6.699,-0.136363636,Centre,0
EX03,adult,204,6.732,-0.113636364,Centre,0
EX03,adult,205,6.765,-0.090909091,Centre,0
EX03,adult,206,6.798,-0.068181818,Centre,0
EX03,adult,207,6.831,-0.045454545,Centre,0
EX03,adult,208,6.864,-0.022727273,Centre,0
EX03,adult,209,6.897,-0.022727273,Centre,0
EX03,adult,210,6.93,-0.022727273,Centre,0
EX03,adult,211,6.963,-0.022727273,Centre,0
EX03,adult,212,6.996,-0.022727273,Centre,0
EX03,adult,213,7.029,-0.022727273,Centre,0
EX03,adult,214,7.062,-0.022727273,Centre,0
EX03,adult,215,7.095,-0.022727273,Centre,0
EX03,adult,216,7.128,-0.022727273,Centre,0
EX03,adult,217,7.161,-0.022727273,Centre,0
EX03,adult,218,7.194,-0.022727273,Centre,0
EX03,adult,219,7.227,0,Centre,0
EX03,adult,220,7.26,0,Centre,0
EX03,adult,221,7.293,0,Centre,0
EX03,adult,222,7.326,0,Centre,0
EX03,adult,223,7.359,0,Centre,0
EX03,adult,224,7.392,0,Centre,0
EX03,adult,225,7.425,0,Centre,0
EX03,adult,226,7.458,0,Centre,0
EX03,adult,227,7.491,0,Centre,0
EX03,adult,228,7.524,0,Centre,0
EX03,adult,229,7.557,0,Centre,0
EX03,adult,230,7.59,0,Centre,0
EX03,adult,231,7.623,0,Centre,0
EX03,adult,232,7.656,0,Centre,0
EX03,adult,233,7.689,0,Centre,0
EX03,adult,234,7.722,0,Centre,0
EX03,adult,235,7.755,0,Centre,0
EX03,adult,236,7.788,0,Centre,0
EX03,adult,237,7.821,0,Centre,0
EX03,adult,238,7.854,0,Centre,0
EX03,adult,239,7.887,0,Centre,0
EX03,adult,240,7.92,0,Centre,0
EX03,adult,241,7.953,0,Centre,0
EX03,adult,242,7.986,0,Centre,0
EX03,adult,243,8.019,0,Centre,0
EX03,adult,244,8.052,0,Centre,0
EX03,adult,245,8.085,0,Centre,0
EX03,adult,246,8.118,0,Centre,0
EX03,adult,247,8.151,0,Centre,0
EX03,adult,248,8.184,0,Centre,0
EX03,adult,249,8.217,0.022727273,Centre,0
EX03,adult,250,8.25,0.045454545,Centre,0
EX03,adult,251,8.283,0.068181818,Centre,0
EX03,adult,252,8.316,0.090909091,Centre,0
EX03,adult,253,8.349,0.090909091,Centre,0
EX03,adult,254,8.382,0.113636364,Right,1
EX03,adult,255,8.415,0.136363636,Right,1
EX03,adult,256,8.448,0.159090909,Right,1
EX03,adult,257,8.481,0.181818182,Right,1
EX03,adult,258,8.514,0.204545455,Right,1
EX03,adult,259,8.547,0.227272727,Right,1
EX03,adult,260,8.58,0.25,Right,1
EX03,adult,261,8.613,0.272727273,Right,1
EX03,adult,262,8.646,0.295454545,Right,1
EX03,adult,263,8.679,0.318181818,Right,1
EX03,adult,264,8.712,0.340909091,Right,1
EX03,adult,265,8.745,0.363636364,Right,1
EX03,adult,266,8.778,0.386363636,Right,1
EX03,adult,267,8.811,0.409090909,Right,1
EX03,adult,268,8.844,0.431818182,Right,1
EX03,adult,269,8.877,0.454545455,Right,1
EX03,adult,270,8.91,0.477272727,Right,1
EX03,adult,271,8.943,0.5,Right,1
EX03,adult,272,8.976,0.5,Right,1
EX03,adult,273,9.009,0.522727273,Right,1
EX03,adult,274,9.042,0.545454545,Right,1
EX03,adult,275,9.075,0.568181818,Right,1
EX03,adult,276,9.108,0.590909091,Right,1
EX03,adult,277,9.141,0.613636364,Right,1
EX03,adult,278,9.174,0.636363636,Right,1
EX03,adult,279,9.207,0.659090909,Right,1
EX03,adult,280,9.24,0.681818182,Right,1
EX03,adult,281,9.273,0.704545455,Right,1
EX03,adult,282,9.306,0.727272727,Right,1
EX03,adult,283,9.339,0.75,Right,1
EX03,adult,284,9.372,0.772727273,Right,1
EX03,adult,285,9.405,0.795454545,Right,1
EX03,adult,286,9.438,0.818181818,Right,1
EX03,adult,287,9.471,0.840909091,Right,1
EX03,adult,288,9.504,0.863636364,Right,1
EX03,adult,289,9.537,0.886363636,Right,1
EX03,adult,290,9.57,0.886363636,Right,1
EX03,adult,291,9.603,0.909090909,Right,1
EX03,adult,292,9.636,0.931818182,Right,1
EX03,adult,293,9.669,0.954545455,Right,1
EX03,adult,294,9.702,0.977272727,Right,1
EX03,adult,295,9.735,1,Right,1
EX03,adult,296,9.768,1,Right,1
EX03,adult,297,9.801,1,Right,1
EX03,adult,298,9.834,1,Right,1
EX03,adult,299,9.867,1,Right,1
EX03,adult,300,9.9,1,Right,1
EX03,adult,301,9.933,1,Right,1
EX03,adult,302,9.966,1,Right,1
EX03,adult,303,9.999,1,Right,1
EX03,adult,304,10.032,1,Right,1
EX03,adult,305,10.065,1,Right,1
EX03,adult,306,10.098,1,Right,1
EX03,adult,307,10.131,1,Right,1
EX03,adult,308,10.164,1,Right,1
EX03,adult,309,10.197,1,Right,1
EX03,adult,310,10.23,1,Right,1
EX03,adult,311,10.263,1,Right,1
EX03,adult,312,10.296,1,Right,1
EX03,adult,313,10.329,1,Right,1
EX03,adult,314,10.362,1,Right,1
EX03,adult,315,10.395,1,Right,1
EX03,adult,316,10.428,1,Right,1
EX03,adult,317,10.461,1,Right,1
EX03,adult,318,10.494,1,Right,1
EX03,adult,319,10.527,1,Right,1
EX03,adult,320,10.56,1,Right,1
EX03,adult,321,10.593,1,Right,1
EX03,adult,322,10.626,1,Right,1
EX03,adult,323,10.659,1,Right,1
EX03,adult,324,10.692,1,Right,1
EX03,adult,325,10.725,1,Right,1
EX03,adult,326,10.758,1,Right,1
EX03,adult,327,10.791,1,Right,1
EX03,adult,328,10.824,1,Right,1
EX03,adult,329,10.857,1,Right,1
EX03,adult,330,10.89,1,Right,1
EX03,adult,331,10.923,1,Right,1
EX03,adult,332,10.956,1,Right,1
EX03,adult,333,10.989,1,Right,1
EX03,adult,334,11.022,0.977272727,Right,1
EX03,adult,335,11.055,0.954545455,Right,1
EX03,adult,336,11.088,0.954545455,Right,1
EX03,adult,337,11.121,0.931818182,Right,1
EX03,adult,338,11.154,0.909090909,Right,1
EX03,adult,339,11.187,0.886363636,Right,1
EX03,adult,340,11.22,0.863636364,Right,1
EX03,adult,341,11.253,0.840909091,Right,1
EX03,adult,342,11.286,0.818181818,Right,1
EX03,adult,343,11.319,0.795454545,Centre,0
EX03,adult,344,11.352,0.772727273,Centre,0
EX03,adult,345,11.385,0.75,Centre,0
EX03,adult,346,11.418,0.727272727,Centre,0
EX03,adult,347,11.451,0.704545455,Centre,0
EX03,adult,348,11.484,0.681818182,Centre,0
EX03,adult,349,11.517,0.659090909,Centre,0
EX03,adult,350,11.55,0.636363636,Centre,0
EX03,adult,351,11.583,0.613636364,Centre,0
EX03,adult,352,11.616,0.590909091,Centre,0
EX03,adult,353,11.649,0.568181818,Centre,0
EX03,adult,354,11.682,0.568181818,Centre,0
EX03,adult,355,11.715,0.545454545,Centre,0
EX03,adult,356,11.748,0.522727273,Centre,0
EX03,adult,357,11.781,0.5,Centre,0
EX03,adult,358,11.814,0.477272727,Centre,0
EX03,adult,359,11.847,0.454545455,Centre,0
EX03,adult,360,11.88,0.431818182,Centre,0
EX03,adult,361,11.913,0.409090909,Centre,0
EX03,adult,362,11.946,0.386363636,Centre,0
EX03,adult,363,11.979,0.363636364,Centre,0
EX03,adult,364,12.012,0.340909091,Centre,0
EX03,adult,365,12.045,0.318181818,Centre,0
EX03,adult,366,12.078,0.295454545,Centre,0
EX03,adult,367,12.111,0.272727273,Centre,0
EX03,adult,368,12.144,0.25,Centre,0
EX03,adult,369,12.177,0.227272727,Centre,0
EX03,adult,370,12.21,0.204545455,Centre,0
EX03,adult,371,12.243,0.181818182,Centre,0
EX03,adult,372,12.276,0.159090909,Centre,0
EX03,adult,373,12.309,0.159090909,Centre,0
EX03,adult,374,12.342,0.136363636,Centre,0
EX03,adult,375,12.375,0.113636364,Centre,0
EX03,adult,376,12.408,0.090909091,Centre,0
EX03,adult,377,12.441,0.068181818,Centre,0
EX03,adult,378,12.474,0.045454545,Centre,0
EX03,adult,379,12.507,0,Centre,0
EX03,adult,380,12.54,0,Centre,0
EX03,adult,381,12.573,0,Centre,0
EX03,adult,382,12.606,0,Centre,0
EX03,adult,383,12.639,0,Centre,0
EX03,adult,384,12.672,0,Blink,0
EX03,adult,385,12.705,0,Blink,0
EX03,adult,386,12.738,0,Blink,0
EX03,adult,387,12.771,0,Blink,0
EX03,adult,388,12.804,0,Blink,0
EX03,adult,389,12.837,0,Blink,0
EX03,adult,390,12.87,0,Blink,0
EX03,adult,391,12.903,0,Centre,0
EX03,adult,392,12.936,0,Centre,0
EX03,adult,393,12.969,0,Centre,0
EX03,adult,394,13.002,0,Centre,0
EX03,adult,395,13.035,0,Centre,0
EX03,adult,396,13.068,0,Centre,0
EX03,adult,397,13.101,0,Centre,0
EX03,adult,398,13.134,0,Centre,0
EX03,adult,399,13.167,0,Centre,0
EX03,adult,400,13.2,0,Centre,0
EX03,adult,401,13.233,0,Centre,0
EX03,adult,402,13.266,0,Centre,0
EX03,adult,403,13.299,0,Centre,0
EX03,adult,404,13.332,0,Centre,0
EX03,adult,405,13.365,0,Centre,0
EX03,adult,406,13.398,0,Centre,0
EX03,adult,407,13.431,0,Centre,0
EX03,adult,408,13.464,0,Centre,0
EX03,adult,409,13.497,0,Centre,0
EX03,adult,410,13.53,0,Centre,0
EX03,adult,411,13.563,0,Centre,0
EX03,adult,412,13.596,0,Centre,0
EX03,adult,413,13.629,0,Centre,0
EX03,adult,414,13.662,0,Centre,0
EX03,adult,415,13.695,0,Centre,0
EX03,adult,416,13.728,0,Centre,0
EX03,adult,417,13.761,0,Centre,0
EX03,adult,418,13.794,0,Centre,0
EX03,adult,419,13.827,0,Centre,0
EX03,adult,420,13.86,0,Centre,0
EX03,adult,421,13.893,0,Centre,0
EX03,adult,422,13.926,0,Centre,0
EX03,adult,423,13.959,0,Centre,0
EX03,adult,424,13.992,0,Centre,0
EX03,adult,425,14.025,0,Centre,0
EX03,adult,426,14.058,0,Centre,0
EX03,adult,427,14.091,0,Centre,0
EX03,adult,428,14.124,0,Centre,0
EX03,adult,429,14.157,0,Centre,0
EX03,adult,430,14.19,0,Centre,0
EX03,adult,431,14.223,0,Centre,0
EX03,adult,432,14.256,0,NA,0
